,Instruction,Number of memory acess,Number of micro instruction,,,,
1,"ADD R1,R2",1,3,,,,
2,"ADD R1,(R2)+",3,5,,,,
3,"ADD R1,-(R2)",3,5,,,TOTAL Number of micro instruction,4377
4,"ADD R1,X(R2)",4,6,,,Number of Instruction,676
5,"ADD R1,@R2",3,5,,,TOTAL Number Memory Access,2999
6,"ADD R1,@(R2)+",4,6,,,CPI,6.4
7,"ADD R1,@-(R2)",4,6,,,,
8,"ADD R1,@X(R2)",5,7,,,,
9,"ADD (R1)+,R2",2,4,,,,
10,"ADD (R1)+,(R2)+",4,6,,,,
11,"ADD (R1)+,-(R2)",4,6,,,,
12,"ADD (R1)+,X(R2)",5,7,,,,
13,"ADD (R1)+,@R2",4,6,,,,
14,"ADD (R1)+,@(R2)+",5,7,,,,
15,"ADD (R1)+,@-(R2)",5,7,,,,
16,"ADD (R1)+,@X(R2)",6,8,,,,
17,"ADD -(R1),R2",2,4,,,,
18,"ADD -(R1),(R2)+",4,6,,,,
19,"ADD -(R1),-(R2)",4,6,,,,
20,"ADD -(R1),X(R2)",5,7,,,,
21,"ADD -(R1),@R2",4,6,,,,
22,"ADD -(R1),@(R2)+",5,7,,,,
23,"ADD -(R1),@-(R2)",5,7,,,,
24,"ADD -(R1),@X(R2)",6,8,,,,
25,"ADD X(R1),R2",3,5,,,,
26,"ADD X(R1),(R2)+",5,7,,,,
27,"ADD X(R1),-(R2)",5,7,,,,
28,"ADD X(R1),X(R2)",6,8,,,,
29,"ADD X(R1),@R2",5,7,,,,
30,"ADD X(R1),@(R2)+",6,8,,,,
31,"ADD X(R1),@-(R2)",6,8,,,,
32,"ADD X(R1),@X(R2)",7,9,,,,
33,"ADD @R1,R2",2,4,,,,
34,"ADD @R1,(R2)+",4,6,,,,
35,"ADD @R1,-(R2)",4,6,,,,
36,"ADD @R1,X(R2)",5,7,,,,
37,"ADD @R1,@R2",4,6,,,,
38,"ADD @R1,@(R2)+",5,7,,,,
39,"ADD @R1,@-(R2)",5,7,,,,
40,"ADD @R1,@X(R2)",6,8,,,,
41,"ADD @(R1)+,R2",3,5,,,,
42,"ADD @(R1)+,(R2)+",5,7,,,,
43,"ADD @(R1)+,-(R2)",5,7,,,,
44,"ADD @(R1)+,X(R2)",6,8,,,,
45,"ADD @(R1)+,@R2",5,7,,,,
46,"ADD @(R1)+,@(R2)+",6,8,,,,
47,"ADD @(R1)+,@-(R2)",6,8,,,,
48,"ADD @(R1)+,@X(R2)",7,9,,,,
49,"ADD @-(R1),R2",3,5,,,,
50,"ADD @-(R1),(R2)+",5,7,,,,
51,"ADD @-(R1),-(R2)",5,7,,,,
52,"ADD @-(R1),X(R2)",6,8,,,,
53,"ADD @-(R1),@R2",5,7,,,,
54,"ADD @-(R1),@(R2)+",6,8,,,,
55,"ADD @-(R1),@-(R2)",6,8,,,,
56,"ADD @-(R1),@X(R2)",7,9,,,,
57,"ADD @X(R1),R2",4,6,,,,
58,"ADD @X(R1),(R2)+",6,8,,,,
59,"ADD @X(R1),-(R2)",6,8,,,,
60,"ADD @X(R1),X(R2)",7,9,,,,
61,"ADD @X(R1),@R2",6,8,,,,
62,"ADD @X(R1),@(R2)+",7,9,,,,
63,"ADD @X(R1),@-(R2)",7,9,,,,
64,"ADD @X(R1),@X(R2)",8,10,,,,
65,"ADC R1,R2",1,3,,,,
66,"ADC R1,(R2)+",3,5,,,,
67,"ADC R1,-(R2)",3,5,,,,
68,"ADC R1,X(R2)",4,6,,,,
69,"ADC R1,@R2",3,5,,,,
70,"ADC R1,@(R2)+",4,6,,,,
71,"ADC R1,@-(R2)",4,6,,,,
72,"ADC R1,@X(R2)",5,7,,,,
73,"ADC (R1)+,R2",2,4,,,,
74,"ADC (R1)+,(R2)+",4,6,,,,
75,"ADC (R1)+,-(R2)",4,6,,,,
76,"ADC (R1)+,X(R2)",5,7,,,,
77,"ADC (R1)+,@R2",4,6,,,,
78,"ADC (R1)+,@(R2)+",5,7,,,,
79,"ADC (R1)+,@-(R2)",5,7,,,,
80,"ADC (R1)+,@X(R2)",6,8,,,,
81,"ADC -(R1),R2",2,4,,,,
82,"ADC -(R1),(R2)+",4,6,,,,
83,"ADC -(R1),-(R2)",4,6,,,,
84,"ADC -(R1),X(R2)",5,7,,,,
85,"ADC -(R1),@R2",4,6,,,,
86,"ADC -(R1),@(R2)+",5,7,,,,
87,"ADC -(R1),@-(R2)",5,7,,,,
88,"ADC -(R1),@X(R2)",6,8,,,,
89,"ADC X(R1),R2",3,5,,,,
90,"ADC X(R1),(R2)+",5,7,,,,
91,"ADC X(R1),-(R2)",5,7,,,,
92,"ADC X(R1),X(R2)",6,8,,,,
93,"ADC X(R1),@R2",5,7,,,,
94,"ADC X(R1),@(R2)+",6,8,,,,
95,"ADC X(R1),@-(R2)",6,8,,,,
96,"ADC X(R1),@X(R2)",7,9,,,,
97,"ADC @R1,R2",2,4,,,,
98,"ADC @R1,(R2)+",4,6,,,,
99,"ADC @R1,-(R2)",4,6,,,,
100,"ADC @R1,X(R2)",5,7,,,,
101,"ADC @R1,@R2",4,6,,,,
102,"ADC @R1,@(R2)+",5,7,,,,
103,"ADC @R1,@-(R2)",5,7,,,,
104,"ADC @R1,@X(R2)",6,8,,,,
105,"ADC @(R1)+,R2",3,5,,,,
106,"ADC @(R1)+,(R2)+",5,7,,,,
107,"ADC @(R1)+,-(R2)",5,7,,,,
108,"ADC @(R1)+,X(R2)",6,8,,,,
109,"ADC @(R1)+,@R2",5,7,,,,
110,"ADC @(R1)+,@(R2)+",6,8,,,,
111,"ADC @(R1)+,@-(R2)",6,8,,,,
112,"ADC @(R1)+,@X(R2)",7,9,,,,
113,"ADC @-(R1),R2",3,5,,,,
114,"ADC @-(R1),(R2)+",5,7,,,,
115,"ADC @-(R1),-(R2)",5,7,,,,
116,"ADC @-(R1),X(R2)",6,8,,,,
117,"ADC @-(R1),@R2",5,7,,,,
118,"ADC @-(R1),@(R2)+",6,8,,,,
119,"ADC @-(R1),@-(R2)",6,8,,,,
120,"ADC @-(R1),@X(R2)",7,9,,,,
121,"ADC @X(R1),R2",4,6,,,,
122,"ADC @X(R1),(R2)+",6,8,,,,
123,"ADC @X(R1),-(R2)",6,8,,,,
124,"ADC @X(R1),X(R2)",7,9,,,,
125,"ADC @X(R1),@R2",6,8,,,,
126,"ADC @X(R1),@(R2)+",7,9,,,,
127,"ADC @X(R1),@-(R2)",7,9,,,,
128,"ADC @X(R1),@X(R2)",8,10,,,,
129,"SUB R1,R2",1,3,,,,
130,"SUB R1,(R2)+",3,5,,,,
131,"SUB R1,-(R2)",3,5,,,,
132,"SUB R1,X(R2)",4,6,,,,
133,"SUB R1,@R2",3,5,,,,
134,"SUB R1,@(R2)+",4,6,,,,
135,"SUB R1,@-(R2)",4,6,,,,
136,"SUB R1,@X(R2)",5,7,,,,
137,"SUB (R1)+,R2",2,4,,,,
138,"SUB (R1)+,(R2)+",4,6,,,,
139,"SUB (R1)+,-(R2)",4,6,,,,
140,"SUB (R1)+,X(R2)",5,7,,,,
141,"SUB (R1)+,@R2",4,6,,,,
142,"SUB (R1)+,@(R2)+",5,7,,,,
143,"SUB (R1)+,@-(R2)",5,7,,,,
144,"SUB (R1)+,@X(R2)",6,8,,,,
145,"SUB -(R1),R2",2,4,,,,
146,"SUB -(R1),(R2)+",4,6,,,,
147,"SUB -(R1),-(R2)",4,6,,,,
148,"SUB -(R1),X(R2)",5,7,,,,
149,"SUB -(R1),@R2",4,6,,,,
150,"SUB -(R1),@(R2)+",5,7,,,,
151,"SUB -(R1),@-(R2)",5,7,,,,
152,"SUB -(R1),@X(R2)",6,8,,,,
153,"SUB X(R1),R2",3,5,,,,
154,"SUB X(R1),(R2)+",5,7,,,,
155,"SUB X(R1),-(R2)",5,7,,,,
156,"SUB X(R1),X(R2)",6,8,,,,
157,"SUB X(R1),@R2",5,7,,,,
158,"SUB X(R1),@(R2)+",6,8,,,,
159,"SUB X(R1),@-(R2)",6,8,,,,
160,"SUB X(R1),@X(R2)",7,9,,,,
161,"SUB @R1,R2",2,4,,,,
162,"SUB @R1,(R2)+",4,6,,,,
163,"SUB @R1,-(R2)",4,6,,,,
164,"SUB @R1,X(R2)",5,7,,,,
165,"SUB @R1,@R2",4,6,,,,
166,"SUB @R1,@(R2)+",5,7,,,,
167,"SUB @R1,@-(R2)",5,7,,,,
168,"SUB @R1,@X(R2)",6,8,,,,
169,"SUB @(R1)+,R2",3,5,,,,
170,"SUB @(R1)+,(R2)+",5,7,,,,
171,"SUB @(R1)+,-(R2)",5,7,,,,
172,"SUB @(R1)+,X(R2)",6,8,,,,
173,"SUB @(R1)+,@R2",5,7,,,,
174,"SUB @(R1)+,@(R2)+",6,8,,,,
175,"SUB @(R1)+,@-(R2)",6,8,,,,
176,"SUB @(R1)+,@X(R2)",7,9,,,,
177,"SUB @-(R1),R2",3,5,,,,
178,"SUB @-(R1),(R2)+",5,7,,,,
179,"SUB @-(R1),-(R2)",5,7,,,,
180,"SUB @-(R1),X(R2)",6,8,,,,
181,"SUB @-(R1),@R2",5,7,,,,
182,"SUB @-(R1),@(R2)+",6,8,,,,
183,"SUB @-(R1),@-(R2)",6,8,,,,
184,"SUB @-(R1),@X(R2)",7,9,,,,
185,"SUB @X(R1),R2",4,6,,,,
186,"SUB @X(R1),(R2)+",6,8,,,,
187,"SUB @X(R1),-(R2)",6,8,,,,
188,"SUB @X(R1),X(R2)",7,9,,,,
189,"SUB @X(R1),@R2",6,8,,,,
190,"SUB @X(R1),@(R2)+",7,9,,,,
191,"SUB @X(R1),@-(R2)",7,9,,,,
192,"SUB @X(R1),@X(R2)",8,10,,,,
193,"SBC R1,R2",1,3,,,,
194,"SBC R1,(R2)+",3,5,,,,
195,"SBC R1,-(R2)",3,5,,,,
196,"SBC R1,X(R2)",4,6,,,,
197,"SBC R1,@R2",3,5,,,,
198,"SBC R1,@(R2)+",4,6,,,,
199,"SBC R1,@-(R2)",4,6,,,,
200,"SBC R1,@X(R2)",5,7,,,,
201,"SBC (R1)+,R2",2,4,,,,
202,"SBC (R1)+,(R2)+",4,6,,,,
203,"SBC (R1)+,-(R2)",4,6,,,,
204,"SBC (R1)+,X(R2)",5,7,,,,
205,"SBC (R1)+,@R2",4,6,,,,
206,"SBC (R1)+,@(R2)+",5,7,,,,
207,"SBC (R1)+,@-(R2)",5,7,,,,
208,"SBC (R1)+,@X(R2)",6,8,,,,
209,"SBC -(R1),R2",2,4,,,,
210,"SBC -(R1),(R2)+",4,6,,,,
211,"SBC -(R1),-(R2)",4,6,,,,
212,"SBC -(R1),X(R2)",5,7,,,,
213,"SBC -(R1),@R2",4,6,,,,
214,"SBC -(R1),@(R2)+",5,7,,,,
215,"SBC -(R1),@-(R2)",5,7,,,,
216,"SBC -(R1),@X(R2)",6,8,,,,
217,"SBC X(R1),R2",3,5,,,,
218,"SBC X(R1),(R2)+",5,7,,,,
219,"SBC X(R1),-(R2)",5,7,,,,
220,"SBC X(R1),X(R2)",6,8,,,,
221,"SBC X(R1),@R2",5,7,,,,
222,"SBC X(R1),@(R2)+",6,8,,,,
223,"SBC X(R1),@-(R2)",6,8,,,,
224,"SBC X(R1),@X(R2)",7,9,,,,
225,"SBC @R1,R2",2,4,,,,
226,"SBC @R1,(R2)+",4,6,,,,
227,"SBC @R1,-(R2)",4,6,,,,
228,"SBC @R1,X(R2)",5,7,,,,
229,"SBC @R1,@R2",4,6,,,,
230,"SBC @R1,@(R2)+",5,7,,,,
231,"SBC @R1,@-(R2)",5,7,,,,
232,"SBC @R1,@X(R2)",6,8,,,,
233,"SBC @(R1)+,R2",3,5,,,,
234,"SBC @(R1)+,(R2)+",5,7,,,,
235,"SBC @(R1)+,-(R2)",5,7,,,,
236,"SBC @(R1)+,X(R2)",6,8,,,,
237,"SBC @(R1)+,@R2",5,7,,,,
238,"SBC @(R1)+,@(R2)+",6,8,,,,
239,"SBC @(R1)+,@-(R2)",6,8,,,,
240,"SBC @(R1)+,@X(R2)",7,9,,,,
241,"SBC @-(R1),R2",3,5,,,,
242,"SBC @-(R1),(R2)+",5,7,,,,
243,"SBC @-(R1),-(R2)",5,7,,,,
244,"SBC @-(R1),X(R2)",6,8,,,,
245,"SBC @-(R1),@R2",5,7,,,,
246,"SBC @-(R1),@(R2)+",6,8,,,,
247,"SBC @-(R1),@-(R2)",6,8,,,,
248,"SBC @-(R1),@X(R2)",7,9,,,,
249,"SBC @X(R1),R2",4,6,,,,
250,"SBC @X(R1),(R2)+",6,8,,,,
251,"SBC @X(R1),-(R2)",6,8,,,,
252,"SBC @X(R1),X(R2)",7,9,,,,
253,"SBC @X(R1),@R2",6,8,,,,
254,"SBC @X(R1),@(R2)+",7,9,,,,
255,"SBC @X(R1),@-(R2)",7,9,,,,
256,"SBC @X(R1),@X(R2)",8,10,,,,
257,"AND R1,R2",1,3,,,,
258,"AND R1,(R2)+",3,5,,,,
259,"AND R1,-(R2)",3,5,,,,
260,"AND R1,X(R2)",4,6,,,,
261,"AND R1,@R2",3,5,,,,
262,"AND R1,@(R2)+",4,6,,,,
263,"AND R1,@-(R2)",4,6,,,,
264,"AND R1,@X(R2)",5,7,,,,
265,"AND (R1)+,R2",2,4,,,,
266,"AND (R1)+,(R2)+",4,6,,,,
267,"AND (R1)+,-(R2)",4,6,,,,
268,"AND (R1)+,X(R2)",5,7,,,,
269,"AND (R1)+,@R2",4,6,,,,
270,"AND (R1)+,@(R2)+",5,7,,,,
271,"AND (R1)+,@-(R2)",5,7,,,,
272,"AND (R1)+,@X(R2)",6,8,,,,
273,"AND -(R1),R2",2,4,,,,
274,"AND -(R1),(R2)+",4,6,,,,
275,"AND -(R1),-(R2)",4,6,,,,
276,"AND -(R1),X(R2)",5,7,,,,
277,"AND -(R1),@R2",4,6,,,,
278,"AND -(R1),@(R2)+",5,7,,,,
279,"AND -(R1),@-(R2)",5,7,,,,
280,"AND -(R1),@X(R2)",6,8,,,,
281,"AND X(R1),R2",3,5,,,,
282,"AND X(R1),(R2)+",5,7,,,,
283,"AND X(R1),-(R2)",5,7,,,,
284,"AND X(R1),X(R2)",6,8,,,,
285,"AND X(R1),@R2",5,7,,,,
286,"AND X(R1),@(R2)+",6,8,,,,
287,"AND X(R1),@-(R2)",6,8,,,,
288,"AND X(R1),@X(R2)",7,9,,,,
289,"AND @R1,R2",2,4,,,,
290,"AND @R1,(R2)+",4,6,,,,
291,"AND @R1,-(R2)",4,6,,,,
292,"AND @R1,X(R2)",5,7,,,,
293,"AND @R1,@R2",4,6,,,,
294,"AND @R1,@(R2)+",5,7,,,,
295,"AND @R1,@-(R2)",5,7,,,,
296,"AND @R1,@X(R2)",6,8,,,,
297,"AND @(R1)+,R2",3,5,,,,
298,"AND @(R1)+,(R2)+",5,7,,,,
299,"AND @(R1)+,-(R2)",5,7,,,,
300,"AND @(R1)+,X(R2)",6,8,,,,
301,"AND @(R1)+,@R2",5,7,,,,
302,"AND @(R1)+,@(R2)+",6,8,,,,
303,"AND @(R1)+,@-(R2)",6,8,,,,
304,"AND @(R1)+,@X(R2)",7,9,,,,
305,"AND @-(R1),R2",3,5,,,,
306,"AND @-(R1),(R2)+",5,7,,,,
307,"AND @-(R1),-(R2)",5,7,,,,
308,"AND @-(R1),X(R2)",6,8,,,,
309,"AND @-(R1),@R2",5,7,,,,
310,"AND @-(R1),@(R2)+",6,8,,,,
311,"AND @-(R1),@-(R2)",6,8,,,,
312,"AND @-(R1),@X(R2)",7,9,,,,
313,"AND @X(R1),R2",4,6,,,,
314,"AND @X(R1),(R2)+",6,8,,,,
315,"AND @X(R1),-(R2)",6,8,,,,
316,"AND @X(R1),X(R2)",7,9,,,,
317,"AND @X(R1),@R2",6,8,,,,
318,"AND @X(R1),@(R2)+",7,9,,,,
319,"AND @X(R1),@-(R2)",7,9,,,,
320,"AND @X(R1),@X(R2)",8,10,,,,
321,"OR R1,R2",1,3,,,,
322,"OR R1,(R2)+",3,5,,,,
323,"OR R1,-(R2)",3,5,,,,
324,"OR R1,X(R2)",4,6,,,,
325,"OR R1,@R2",3,5,,,,
326,"OR R1,@(R2)+",4,6,,,,
327,"OR R1,@-(R2)",4,6,,,,
328,"OR R1,@X(R2)",5,7,,,,
329,"OR (R1)+,R2",2,4,,,,
330,"OR (R1)+,(R2)+",4,6,,,,
331,"OR (R1)+,-(R2)",4,6,,,,
332,"OR (R1)+,X(R2)",5,7,,,,
333,"OR (R1)+,@R2",4,6,,,,
334,"OR (R1)+,@(R2)+",5,7,,,,
335,"OR (R1)+,@-(R2)",5,7,,,,
336,"OR (R1)+,@X(R2)",6,8,,,,
337,"OR -(R1),R2",2,4,,,,
338,"OR -(R1),(R2)+",4,6,,,,
339,"OR -(R1),-(R2)",4,6,,,,
340,"OR -(R1),X(R2)",5,7,,,,
341,"OR -(R1),@R2",4,6,,,,
342,"OR -(R1),@(R2)+",5,7,,,,
343,"OR -(R1),@-(R2)",5,7,,,,
344,"OR -(R1),@X(R2)",6,8,,,,
345,"OR X(R1),R2",3,5,,,,
346,"OR X(R1),(R2)+",5,7,,,,
347,"OR X(R1),-(R2)",5,7,,,,
348,"OR X(R1),X(R2)",6,8,,,,
349,"OR X(R1),@R2",5,7,,,,
350,"OR X(R1),@(R2)+",6,8,,,,
351,"OR X(R1),@-(R2)",6,8,,,,
352,"OR X(R1),@X(R2)",7,9,,,,
353,"OR @R1,R2",2,4,,,,
354,"OR @R1,(R2)+",4,6,,,,
355,"OR @R1,-(R2)",4,6,,,,
356,"OR @R1,X(R2)",5,7,,,,
357,"OR @R1,@R2",4,6,,,,
358,"OR @R1,@(R2)+",5,7,,,,
359,"OR @R1,@-(R2)",5,7,,,,
360,"OR @R1,@X(R2)",6,8,,,,
361,"OR @(R1)+,R2",3,5,,,,
362,"OR @(R1)+,(R2)+",5,7,,,,
363,"OR @(R1)+,-(R2)",5,7,,,,
364,"OR @(R1)+,X(R2)",6,8,,,,
365,"OR @(R1)+,@R2",5,7,,,,
366,"OR @(R1)+,@(R2)+",6,8,,,,
367,"OR @(R1)+,@-(R2)",6,8,,,,
368,"OR @(R1)+,@X(R2)",7,9,,,,
369,"OR @-(R1),R2",3,5,,,,
370,"OR @-(R1),(R2)+",5,7,,,,
371,"OR @-(R1),-(R2)",5,7,,,,
372,"OR @-(R1),X(R2)",6,8,,,,
373,"OR @-(R1),@R2",5,7,,,,
374,"OR @-(R1),@(R2)+",6,8,,,,
375,"OR @-(R1),@-(R2)",6,8,,,,
376,"OR @-(R1),@X(R2)",7,9,,,,
377,"OR @X(R1),R2",4,6,,,,
378,"OR @X(R1),(R2)+",6,8,,,,
379,"OR @X(R1),-(R2)",6,8,,,,
380,"OR @X(R1),X(R2)",7,9,,,,
381,"OR @X(R1),@R2",6,8,,,,
382,"OR @X(R1),@(R2)+",7,9,,,,
383,"OR @X(R1),@-(R2)",7,9,,,,
384,"OR @X(R1),@X(R2)",8,10,,,,
385,"XNOR R1,R2",1,3,,,,
386,"XNOR R1,(R2)+",3,5,,,,
387,"XNOR R1,-(R2)",3,5,,,,
388,"XNOR R1,X(R2)",4,6,,,,
389,"XNOR R1,@R2",3,5,,,,
390,"XNOR R1,@(R2)+",4,6,,,,
391,"XNOR R1,@-(R2)",4,6,,,,
392,"XNOR R1,@X(R2)",5,7,,,,
393,"XNOR (R1)+,R2",2,4,,,,
394,"XNOR (R1)+,(R2)+",4,6,,,,
395,"XNOR (R1)+,-(R2)",4,6,,,,
396,"XNOR (R1)+,X(R2)",5,7,,,,
397,"XNOR (R1)+,@R2",4,6,,,,
398,"XNOR (R1)+,@(R2)+",5,7,,,,
399,"XNOR (R1)+,@-(R2)",5,7,,,,
400,"XNOR (R1)+,@X(R2)",6,8,,,,
401,"XNOR -(R1),R2",2,4,,,,
402,"XNOR -(R1),(R2)+",4,6,,,,
403,"XNOR -(R1),-(R2)",4,6,,,,
404,"XNOR -(R1),X(R2)",5,7,,,,
405,"XNOR -(R1),@R2",4,6,,,,
406,"XNOR -(R1),@(R2)+",5,7,,,,
407,"XNOR -(R1),@-(R2)",5,7,,,,
408,"XNOR -(R1),@X(R2)",6,8,,,,
409,"XNOR X(R1),R2",3,5,,,,
410,"XNOR X(R1),(R2)+",5,7,,,,
411,"XNOR X(R1),-(R2)",5,7,,,,
412,"XNOR X(R1),X(R2)",6,8,,,,
413,"XNOR X(R1),@R2",5,7,,,,
414,"XNOR X(R1),@(R2)+",6,8,,,,
415,"XNOR X(R1),@-(R2)",6,8,,,,
416,"XNOR X(R1),@X(R2)",7,9,,,,
417,"XNOR @R1,R2",2,4,,,,
418,"XNOR @R1,(R2)+",4,6,,,,
419,"XNOR @R1,-(R2)",4,6,,,,
420,"XNOR @R1,X(R2)",5,7,,,,
421,"XNOR @R1,@R2",4,6,,,,
422,"XNOR @R1,@(R2)+",5,7,,,,
423,"XNOR @R1,@-(R2)",5,7,,,,
424,"XNOR @R1,@X(R2)",6,8,,,,
425,"XNOR @(R1)+,R2",3,5,,,,
426,"XNOR @(R1)+,(R2)+",5,7,,,,
427,"XNOR @(R1)+,-(R2)",5,7,,,,
428,"XNOR @(R1)+,X(R2)",6,8,,,,
429,"XNOR @(R1)+,@R2",5,7,,,,
430,"XNOR @(R1)+,@(R2)+",6,8,,,,
431,"XNOR @(R1)+,@-(R2)",6,8,,,,
432,"XNOR @(R1)+,@X(R2)",7,9,,,,
433,"XNOR @-(R1),R2",3,5,,,,
434,"XNOR @-(R1),(R2)+",5,7,,,,
435,"XNOR @-(R1),-(R2)",5,7,,,,
436,"XNOR @-(R1),X(R2)",6,8,,,,
437,"XNOR @-(R1),@R2",5,7,,,,
438,"XNOR @-(R1),@(R2)+",6,8,,,,
439,"XNOR @-(R1),@-(R2)",6,8,,,,
440,"XNOR @-(R1),@X(R2)",7,9,,,,
441,"XNOR @X(R1),R2",4,6,,,,
442,"XNOR @X(R1),(R2)+",6,8,,,,
443,"XNOR @X(R1),-(R2)",6,8,,,,
444,"XNOR @X(R1),X(R2)",7,9,,,,
445,"XNOR @X(R1),@R2",6,8,,,,
446,"XNOR @X(R1),@(R2)+",7,9,,,,
447,"XNOR @X(R1),@-(R2)",7,9,,,,
448,"XNOR @X(R1),@X(R2)",8,10,,,,
449,"CMP R1,R2",1,3,,,,
450,"CMP R1,(R2)+",2,4,,,,
451,"CMP R1,-(R2)",2,4,,,,
452,"CMP R1,X(R2)",3,5,,,,
453,"CMP R1,@R2",2,4,,,,
454,"CMP R1,@(R2)+",3,5,,,,
455,"CMP R1,@-(R2)",3,5,,,,
456,"CMP R1,@X(R2)",4,6,,,,
457,"CMP (R1)+,R2",2,4,,,,
458,"CMP (R1)+,(R2)+",3,5,,,,
459,"CMP (R1)+,-(R2)",3,5,,,,
460,"CMP (R1)+,X(R2)",4,6,,,,
461,"CMP (R1)+,@R2",3,5,,,,
462,"CMP (R1)+,@(R2)+",4,6,,,,
463,"CMP (R1)+,@-(R2)",4,6,,,,
464,"CMP (R1)+,@X(R2)",5,7,,,,
465,"CMP -(R1),R2",2,4,,,,
466,"CMP -(R1),(R2)+",3,5,,,,
467,"CMP -(R1),-(R2)",3,5,,,,
468,"CMP -(R1),X(R2)",4,6,,,,
469,"CMP -(R1),@R2",3,5,,,,
470,"CMP -(R1),@(R2)+",4,6,,,,
471,"CMP -(R1),@-(R2)",4,6,,,,
472,"CMP -(R1),@X(R2)",5,7,,,,
473,"CMP X(R1),R2",3,5,,,,
474,"CMP X(R1),(R2)+",4,6,,,,
475,"CMP X(R1),-(R2)",4,6,,,,
476,"CMP X(R1),X(R2)",5,7,,,,
477,"CMP X(R1),@R2",4,6,,,,
478,"CMP X(R1),@(R2)+",5,7,,,,
479,"CMP X(R1),@-(R2)",5,7,,,,
480,"CMP X(R1),@X(R2)",6,8,,,,
481,"CMP @R1,R2",2,4,,,,
482,"CMP @R1,(R2)+",3,5,,,,
483,"CMP @R1,-(R2)",3,5,,,,
484,"CMP @R1,X(R2)",4,6,,,,
485,"CMP @R1,@R2",3,5,,,,
486,"CMP @R1,@(R2)+",4,6,,,,
487,"CMP @R1,@-(R2)",4,6,,,,
488,"CMP @R1,@X(R2)",5,7,,,,
489,"CMP @(R1)+,R2",3,5,,,,
490,"CMP @(R1)+,(R2)+",4,6,,,,
491,"CMP @(R1)+,-(R2)",4,6,,,,
492,"CMP @(R1)+,X(R2)",5,7,,,,
493,"CMP @(R1)+,@R2",4,6,,,,
494,"CMP @(R1)+,@(R2)+",5,7,,,,
495,"CMP @(R1)+,@-(R2)",5,7,,,,
496,"CMP @(R1)+,@X(R2)",6,8,,,,
497,"CMP @-(R1),R2",3,5,,,,
498,"CMP @-(R1),(R2)+",4,6,,,,
499,"CMP @-(R1),-(R2)",4,6,,,,
500,"CMP @-(R1),X(R2)",5,7,,,,
501,"CMP @-(R1),@R2",4,6,,,,
502,"CMP @-(R1),@(R2)+",5,7,,,,
503,"CMP @-(R1),@-(R2)",5,7,,,,
504,"CMP @-(R1),@X(R2)",6,8,,,,
505,"CMP @X(R1),R2",4,6,,,,
506,"CMP @X(R1),(R2)+",5,7,,,,
507,"CMP @X(R1),-(R2)",5,7,,,,
508,"CMP @X(R1),X(R2)",6,8,,,,
509,"CMP @X(R1),@R2",5,7,,,,
510,"CMP @X(R1),@(R2)+",6,8,,,,
511,"CMP @X(R1),@-(R2)",6,8,,,,
512,"CMP @X(R1),@X(R2)",7,9,,,,
513,INC R1,1,3,,,,
514,INC (R1)+,3,5,,,,
515,INC -(R1),3,5,,,,
516,INC X(R1),4,6,,,,
517,INC @R1,3,5,,,,
518,INC @(R1)+,4,6,,,,
519,INC @-(R1),4,6,,,,
520,INC @X(R1),5,7,,,,
521,DEC R1,1,3,,,,
522,DEC (R1)+,3,5,,,,
523,DEC -(R1),3,5,,,,
524,DEC X(R1),4,6,,,,
525,DEC @R1,3,5,,,,
526,DEC @(R1)+,4,6,,,,
527,DEC @-(R1),4,6,,,,
528,DEC @X(R1),5,7,,,,
529,INV R1,1,3,,,,
530,INV (R1)+,3,5,,,,
531,INV -(R1),3,5,,,,
532,INV X(R1),4,6,,,,
533,INV @R1,3,5,,,,
534,INV @(R1)+,4,6,,,,
535,INV @-(R1),4,6,,,,
536,INV @X(R1),5,7,,,,
537,LSR R1,1,3,,,,
538,LSR (R1)+,3,5,,,,
539,LSR -(R1),3,5,,,,
540,LSR X(R1),4,6,,,,
541,LSR @R1,3,5,,,,
542,LSR @(R1)+,4,6,,,,
543,LSR @-(R1),4,6,,,,
544,LSR @X(R1),5,7,,,,
545,ROR R1,1,3,,,,
546,ROR (R1)+,3,5,,,,
547,ROR -(R1),3,5,,,,
548,ROR X(R1),4,6,,,,
549,ROR @R1,3,5,,,,
550,ROR @(R1)+,4,6,,,,
551,ROR @-(R1),4,6,,,,
552,ROR @X(R1),5,7,,,,
553,RRC R1,1,3,,,,
554,RRC (R1)+,3,5,,,,
555,RRC -(R1),3,5,,,,
556,RRC X(R1),4,6,,,,
557,RRC @R1,3,5,,,,
558,RRC @(R1)+,4,6,,,,
559,RRC @-(R1),4,6,,,,
560,RRC @X(R1),5,7,,,,
561,ASR R1,1,3,,,,
562,ASR (R1)+,3,5,,,,
563,ASR -(R1),3,5,,,,
564,ASR X(R1),4,6,,,,
565,ASR @R1,3,5,,,,
566,ASR @(R1)+,4,6,,,,
567,ASR @-(R1),4,6,,,,
568,ASR @X(R1),5,7,,,,
569,LSL R1,1,3,,,,
570,LSL (R1)+,3,5,,,,
571,LSL -(R1),3,5,,,,
572,LSL X(R1),4,6,,,,
573,LSL @R1,3,5,,,,
574,LSL @(R1)+,4,6,,,,
575,LSL @-(R1),4,6,,,,
576,LSL @X(R1),5,7,,,,
577,ROL R1,1,3,,,,
578,ROL (R1)+,3,5,,,,
579,ROL -(R1),3,5,,,,
580,ROL X(R1),4,6,,,,
581,ROL @R1,3,5,,,,
582,ROL @(R1)+,4,6,,,,
583,ROL @-(R1),4,6,,,,
584,ROL @X(R1),5,7,,,,
585,RLC R1,1,3,,,,
586,RLC (R1)+,3,5,,,,
587,RLC -(R1),3,5,,,,
588,RLC X(R1),4,6,,,,
589,RLC @R1,3,5,,,,
590,RLC @(R1)+,4,6,,,,
591,RLC @-(R1),4,6,,,,
592,RLC @X(R1),5,7,,,,
593,BR Address,1,3,,,,
594,BEQ Address,1,3,,,,
595,BNE Address,1,3,,,,
596,BLO Address,1,3,,,,
597,BLS Address,1,3,,,,
598,BHI Address,1,3,,,,
599,BHS Address,1,3,,,,
600,HLT,1,3,,,,
601,NOP,1,3,,,,
602,"MOV R1,R2",1,3,,,,
603,"MOV R1,(R2)+",2,5,,,,
604,"MOV R1,-(R2)",2,5,,,,
605,"MOV R1,X(R2)",3,6,,,,
606,"MOV R1,@R2",2,4,,,,
607,"MOV R1,@(R2)+",3,5,,,,
608,"MOV R1,@-(R2)",3,5,,,,
609,"MOV R1,@X(R2)",4,6,,,,
610,"MOV (R1)+,R2",2,4,,,,
611,"MOV (R1)+,(R2)+",3,6,,,,
612,"MOV (R1)+,-(R2)",3,6,,,,
613,"MOV (R1)+,X(R2)",4,7,,,,
614,"MOV (R1)+,@R2",3,5,,,,
615,"MOV (R1)+,@(R2)+",4,6,,,,
616,"MOV (R1)+,@-(R2)",4,6,,,,
617,"MOV (R1)+,@X(R2)",5,7,,,,
618,"MOV -(R1),R2",2,4,,,,
619,"MOV -(R1),(R2)+",3,6,,,,
620,"MOV -(R1),-(R2)",3,6,,,,
621,"MOV -(R1),X(R2)",4,7,,,,
622,"MOV -(R1),@R2",3,5,,,,
623,"MOV -(R1),@(R2)+",4,6,,,,
624,"MOV -(R1),@-(R2)",4,6,,,,
625,"MOV -(R1),@X(R2)",5,7,,,,
626,"MOV X(R1),R2",3,5,,,,
627,"MOV X(R1),(R2)+",4,7,,,,
628,"MOV X(R1),-(R2)",4,7,,,,
629,"MOV X(R1),X(R2)",5,8,,,,
630,"MOV X(R1),@R2",4,6,,,,
631,"MOV X(R1),@(R2)+",5,7,,,,
632,"MOV X(R1),@-(R2)",5,7,,,,
633,"MOV X(R1),@X(R2)",6,8,,,,
634,"MOV @R1,R2",2,4,,,,
635,"MOV @R1,(R2)+",3,6,,,,
636,"MOV @R1,-(R2)",3,6,,,,
637,"MOV @R1,X(R2)",4,7,,,,
638,"MOV @R1,@R2",3,5,,,,
639,"MOV @R1,@(R2)+",4,6,,,,
640,"MOV @R1,@-(R2)",4,6,,,,
641,"MOV @R1,@X(R2)",5,7,,,,
642,"MOV @(R1)+,R2",3,5,,,,
643,"MOV @(R1)+,(R2)+",4,7,,,,
644,"MOV @(R1)+,-(R2)",4,7,,,,
645,"MOV @(R1)+,X(R2)",5,8,,,,
646,"MOV @(R1)+,@R2",4,6,,,,
647,"MOV @(R1)+,@(R2)+",5,7,,,,
648,"MOV @(R1)+,@-(R2)",5,7,,,,
649,"MOV @(R1)+,@X(R2)",6,8,,,,
650,"MOV @-(R1),R2",3,5,,,,
651,"MOV @-(R1),(R2)+",4,7,,,,
652,"MOV @-(R1),-(R2)",4,7,,,,
653,"MOV @-(R1),X(R2)",5,8,,,,
654,"MOV @-(R1),@R2",4,6,,,,
655,"MOV @-(R1),@(R2)+",5,7,,,,
656,"MOV @-(R1),@-(R2)",5,7,,,,
657,"MOV @-(R1),@X(R2)",6,8,,,,
658,"MOV @X(R1),R2",4,6,,,,
659,"MOV @X(R1),(R2)+",5,8,,,,
660,"MOV @X(R1),-(R2)",5,8,,,,
661,"MOV @X(R1),X(R2)",6,9,,,,
662,"MOV @X(R1),@R2",5,7,,,,
663,"MOV @X(R1),@(R2)+",6,8,,,,
664,"MOV @X(R1),@-(R2)",6,8,,,,
665,"MOV @X(R1),@X(R2)",7,9,,,,
666,CLR R1,1,3,,,,
667,CLR (R1)+,2,5,,,,
668,CLR -(R1),2,5,,,,
669,CLR X(R1),3,6,,,,
670,CLR @R1,2,4,,,,
671,CLR @(R1)+,3,5,,,,
672,CLR @-(R1),3,5,,,,
673,CLR @X(R1),3,6,,,,
674,JSR @(R7)+,3,5,,,,
675,RTS,1,2,,,,
676,IRET,1,2,,,,