,Instruction,Number of memory acess,Number of micro instruction,,,
1,"ADD R1,R2",1,3,,,
2,"ADD R1,(R2)+",3,5,,,
3,"ADD R1,-(R2)",3,5,,,
4,"ADD R1,X(R2)",4,6,,TOTAL Number of micro instruction,3934
5,"ADD R1,@R2",3,5,,Number of Instruction,675
6,"ADD R1,@(R2)+",4,5,,CPI,5.8
7,"ADD R1,@-(R2)",4,5,,,
8,"ADD R1,@X(R2)",5,6,,,
9,"ADD (R1)+,R2",2,4,,,
10,"ADD (R1)+,(R2)+",4,6,,,
11,"ADD (R1)+,-(R2)",4,6,,,
12,"ADD (R1)+,X(R2)",5,7,,,
13,"ADD (R1)+,@R2",4,6,,,
14,"ADD (R1)+,@(R2)+",5,6,,,
15,"ADD (R1)+,@-(R2)",5,6,,,
16,"ADD (R1)+,@X(R2)",6,7,,,
17,"ADD -(R1),R2",2,4,,,
18,"ADD -(R1),(R2)+",4,6,,,
19,"ADD -(R1),-(R2)",4,6,,,
20,"ADD -(R1),X(R2)",5,7,,,
21,"ADD -(R1),@R2",4,6,,,
22,"ADD -(R1),@(R2)+",5,6,,,
23,"ADD -(R1),@-(R2)",5,6,,,
24,"ADD -(R1),@X(R2)",6,7,,,
25,"ADD X(R1),R2",3,5,,,
26,"ADD X(R1),(R2)+",5,7,,,
27,"ADD X(R1),-(R2)",5,7,,,
28,"ADD X(R1),X(R2)",6,8,,,
29,"ADD X(R1),@R2",5,7,,,
30,"ADD X(R1),@(R2)+",6,7,,,
31,"ADD X(R1),@-(R2)",6,7,,,
32,"ADD X(R1),@X(R2)",7,8,,,
33,"ADD @R1,R2",2,4,,,
34,"ADD @R1,(R2)+",4,6,,,
35,"ADD @R1,-(R2)",4,6,,,
36,"ADD @R1,X(R2)",5,7,,,
37,"ADD @R1,@R2",4,6,,,
38,"ADD @R1,@(R2)+",5,6,,,
39,"ADD @R1,@-(R2)",5,6,,,
40,"ADD @R1,@X(R2)",6,7,,,
41,"ADD @(R1)+,R2",3,4,,,
42,"ADD @(R1)+,(R2)+",5,6,,,
43,"ADD @(R1)+,-(R2)",5,6,,,
44,"ADD @(R1)+,X(R2)",6,7,,,
45,"ADD @(R1)+,@R2",5,6,,,
46,"ADD @(R1)+,@(R2)+",6,6,,,
47,"ADD @(R1)+,@-(R2)",6,6,,,
48,"ADD @(R1)+,@X(R2)",7,7,,,
49,"ADD @-(R1),R2",3,4,,,
50,"ADD @-(R1),(R2)+",5,6,,,
51,"ADD @-(R1),-(R2)",5,6,,,
52,"ADD @-(R1),X(R2)",6,7,,,
53,"ADD @-(R1),@R2",5,6,,,
54,"ADD @-(R1),@(R2)+",6,6,,,
55,"ADD @-(R1),@-(R2)",6,6,,,
56,"ADD @-(R1),@X(R2)",7,7,,,
57,"ADD @X(R1),R2",4,5,,,
58,"ADD @X(R1),(R2)+",6,7,,,
59,"ADD @X(R1),-(R2)",6,7,,,
60,"ADD @X(R1),X(R2)",7,8,,,
61,"ADD @X(R1),@R2",6,7,,,
62,"ADD @X(R1),@(R2)+",7,7,,,
63,"ADD @X(R1),@-(R2)",7,7,,,
64,"ADD @X(R1),@X(R2)",8,8,,,
65,"ADC R1,R2",1,3,,,
66,"ADC R1,(R2)+",3,5,,,
67,"ADC R1,-(R2)",3,5,,,
68,"ADC R1,X(R2)",4,6,,,
69,"ADC R1,@R2",3,5,,,
70,"ADC R1,@(R2)+",4,5,,,
71,"ADC R1,@-(R2)",4,5,,,
72,"ADC R1,@X(R2)",5,6,,,
73,"ADC (R1)+,R2",2,4,,,
74,"ADC (R1)+,(R2)+",4,6,,,
75,"ADC (R1)+,-(R2)",4,6,,,
76,"ADC (R1)+,X(R2)",5,7,,,
77,"ADC (R1)+,@R2",4,6,,,
78,"ADC (R1)+,@(R2)+",5,6,,,
79,"ADC (R1)+,@-(R2)",5,6,,,
80,"ADC (R1)+,@X(R2)",6,7,,,
81,"ADC -(R1),R2",2,4,,,
82,"ADC -(R1),(R2)+",4,6,,,
83,"ADC -(R1),-(R2)",4,6,,,
84,"ADC -(R1),X(R2)",5,7,,,
85,"ADC -(R1),@R2",4,6,,,
86,"ADC -(R1),@(R2)+",5,6,,,
87,"ADC -(R1),@-(R2)",5,6,,,
88,"ADC -(R1),@X(R2)",6,7,,,
89,"ADC X(R1),R2",3,5,,,
90,"ADC X(R1),(R2)+",5,7,,,
91,"ADC X(R1),-(R2)",5,7,,,
92,"ADC X(R1),X(R2)",6,8,,,
93,"ADC X(R1),@R2",5,7,,,
94,"ADC X(R1),@(R2)+",6,7,,,
95,"ADC X(R1),@-(R2)",6,7,,,
96,"ADC X(R1),@X(R2)",7,8,,,
97,"ADC @R1,R2",2,4,,,
98,"ADC @R1,(R2)+",4,6,,,
99,"ADC @R1,-(R2)",4,6,,,
100,"ADC @R1,X(R2)",5,7,,,
101,"ADC @R1,@R2",4,6,,,
102,"ADC @R1,@(R2)+",5,6,,,
103,"ADC @R1,@-(R2)",5,6,,,
104,"ADC @R1,@X(R2)",6,7,,,
105,"ADC @(R1)+,R2",3,4,,,
106,"ADC @(R1)+,(R2)+",5,6,,,
107,"ADC @(R1)+,-(R2)",5,6,,,
108,"ADC @(R1)+,X(R2)",6,7,,,
109,"ADC @(R1)+,@R2",5,6,,,
110,"ADC @(R1)+,@(R2)+",6,6,,,
111,"ADC @(R1)+,@-(R2)",6,6,,,
112,"ADC @(R1)+,@X(R2)",7,7,,,
113,"ADC @-(R1),R2",3,4,,,
114,"ADC @-(R1),(R2)+",5,6,,,
115,"ADC @-(R1),-(R2)",5,6,,,
116,"ADC @-(R1),X(R2)",6,7,,,
117,"ADC @-(R1),@R2",5,6,,,
118,"ADC @-(R1),@(R2)+",6,6,,,
119,"ADC @-(R1),@-(R2)",6,6,,,
120,"ADC @-(R1),@X(R2)",7,7,,,
121,"ADC @X(R1),R2",4,5,,,
122,"ADC @X(R1),(R2)+",6,7,,,
123,"ADC @X(R1),-(R2)",6,7,,,
124,"ADC @X(R1),X(R2)",7,8,,,
125,"ADC @X(R1),@R2",6,7,,,
126,"ADC @X(R1),@(R2)+",7,7,,,
127,"ADC @X(R1),@-(R2)",7,7,,,
128,"ADC @X(R1),@X(R2)",8,8,,,
129,"SUB R1,R2",1,3,,,
130,"SUB R1,(R2)+",3,5,,,
131,"SUB R1,-(R2)",3,5,,,
132,"SUB R1,X(R2)",4,6,,,
133,"SUB R1,@R2",3,5,,,
134,"SUB R1,@(R2)+",4,5,,,
135,"SUB R1,@-(R2)",4,5,,,
136,"SUB R1,@X(R2)",5,6,,,
137,"SUB (R1)+,R2",2,4,,,
138,"SUB (R1)+,(R2)+",4,6,,,
139,"SUB (R1)+,-(R2)",4,6,,,
140,"SUB (R1)+,X(R2)",5,7,,,
141,"SUB (R1)+,@R2",4,6,,,
142,"SUB (R1)+,@(R2)+",5,6,,,
143,"SUB (R1)+,@-(R2)",5,6,,,
144,"SUB (R1)+,@X(R2)",6,7,,,
145,"SUB -(R1),R2",2,4,,,
146,"SUB -(R1),(R2)+",4,6,,,
147,"SUB -(R1),-(R2)",4,6,,,
148,"SUB -(R1),X(R2)",5,7,,,
149,"SUB -(R1),@R2",4,6,,,
150,"SUB -(R1),@(R2)+",5,6,,,
151,"SUB -(R1),@-(R2)",5,6,,,
152,"SUB -(R1),@X(R2)",6,7,,,
153,"SUB X(R1),R2",3,5,,,
154,"SUB X(R1),(R2)+",5,7,,,
155,"SUB X(R1),-(R2)",5,7,,,
156,"SUB X(R1),X(R2)",6,8,,,
157,"SUB X(R1),@R2",5,7,,,
158,"SUB X(R1),@(R2)+",6,7,,,
159,"SUB X(R1),@-(R2)",6,7,,,
160,"SUB X(R1),@X(R2)",7,8,,,
161,"SUB @R1,R2",2,4,,,
162,"SUB @R1,(R2)+",4,6,,,
163,"SUB @R1,-(R2)",4,6,,,
164,"SUB @R1,X(R2)",5,7,,,
165,"SUB @R1,@R2",4,6,,,
166,"SUB @R1,@(R2)+",5,6,,,
167,"SUB @R1,@-(R2)",5,6,,,
168,"SUB @R1,@X(R2)",6,7,,,
169,"SUB @(R1)+,R2",3,4,,,
170,"SUB @(R1)+,(R2)+",5,6,,,
171,"SUB @(R1)+,-(R2)",5,6,,,
172,"SUB @(R1)+,X(R2)",6,7,,,
173,"SUB @(R1)+,@R2",5,6,,,
174,"SUB @(R1)+,@(R2)+",6,6,,,
175,"SUB @(R1)+,@-(R2)",6,6,,,
176,"SUB @(R1)+,@X(R2)",7,7,,,
177,"SUB @-(R1),R2",3,4,,,
178,"SUB @-(R1),(R2)+",5,6,,,
179,"SUB @-(R1),-(R2)",5,6,,,
180,"SUB @-(R1),X(R2)",6,7,,,
181,"SUB @-(R1),@R2",5,6,,,
182,"SUB @-(R1),@(R2)+",6,6,,,
183,"SUB @-(R1),@-(R2)",6,6,,,
184,"SUB @-(R1),@X(R2)",7,7,,,
185,"SUB @X(R1),R2",4,5,,,
186,"SUB @X(R1),(R2)+",6,7,,,
187,"SUB @X(R1),-(R2)",6,7,,,
188,"SUB @X(R1),X(R2)",7,8,,,
189,"SUB @X(R1),@R2",6,7,,,
190,"SUB @X(R1),@(R2)+",7,7,,,
191,"SUB @X(R1),@-(R2)",7,7,,,
192,"SUB @X(R1),@X(R2)",8,8,,,
193,"SBC R1,R2",1,3,,,
194,"SBC R1,(R2)+",3,5,,,
195,"SBC R1,-(R2)",3,5,,,
196,"SBC R1,X(R2)",4,6,,,
197,"SBC R1,@R2",3,5,,,
198,"SBC R1,@(R2)+",4,5,,,
199,"SBC R1,@-(R2)",4,5,,,
200,"SBC R1,@X(R2)",5,6,,,
201,"SBC (R1)+,R2",2,4,,,
202,"SBC (R1)+,(R2)+",4,6,,,
203,"SBC (R1)+,-(R2)",4,6,,,
204,"SBC (R1)+,X(R2)",5,7,,,
205,"SBC (R1)+,@R2",4,6,,,
206,"SBC (R1)+,@(R2)+",5,6,,,
207,"SBC (R1)+,@-(R2)",5,6,,,
208,"SBC (R1)+,@X(R2)",6,7,,,
209,"SBC -(R1),R2",2,4,,,
210,"SBC -(R1),(R2)+",4,6,,,
211,"SBC -(R1),-(R2)",4,6,,,
212,"SBC -(R1),X(R2)",5,7,,,
213,"SBC -(R1),@R2",4,6,,,
214,"SBC -(R1),@(R2)+",5,6,,,
215,"SBC -(R1),@-(R2)",5,6,,,
216,"SBC -(R1),@X(R2)",6,7,,,
217,"SBC X(R1),R2",3,5,,,
218,"SBC X(R1),(R2)+",5,7,,,
219,"SBC X(R1),-(R2)",5,7,,,
220,"SBC X(R1),X(R2)",6,8,,,
221,"SBC X(R1),@R2",5,7,,,
222,"SBC X(R1),@(R2)+",6,7,,,
223,"SBC X(R1),@-(R2)",6,7,,,
224,"SBC X(R1),@X(R2)",7,8,,,
225,"SBC @R1,R2",2,4,,,
226,"SBC @R1,(R2)+",4,6,,,
227,"SBC @R1,-(R2)",4,6,,,
228,"SBC @R1,X(R2)",5,7,,,
229,"SBC @R1,@R2",4,6,,,
230,"SBC @R1,@(R2)+",5,6,,,
231,"SBC @R1,@-(R2)",5,6,,,
232,"SBC @R1,@X(R2)",6,7,,,
233,"SBC @(R1)+,R2",3,4,,,
234,"SBC @(R1)+,(R2)+",5,6,,,
235,"SBC @(R1)+,-(R2)",5,6,,,
236,"SBC @(R1)+,X(R2)",6,7,,,
237,"SBC @(R1)+,@R2",5,6,,,
238,"SBC @(R1)+,@(R2)+",6,6,,,
239,"SBC @(R1)+,@-(R2)",6,6,,,
240,"SBC @(R1)+,@X(R2)",7,7,,,
241,"SBC @-(R1),R2",3,4,,,
242,"SBC @-(R1),(R2)+",5,6,,,
243,"SBC @-(R1),-(R2)",5,6,,,
244,"SBC @-(R1),X(R2)",6,7,,,
245,"SBC @-(R1),@R2",5,6,,,
246,"SBC @-(R1),@(R2)+",6,6,,,
247,"SBC @-(R1),@-(R2)",6,6,,,
248,"SBC @-(R1),@X(R2)",7,7,,,
249,"SBC @X(R1),R2",4,5,,,
250,"SBC @X(R1),(R2)+",6,7,,,
251,"SBC @X(R1),-(R2)",6,7,,,
252,"SBC @X(R1),X(R2)",7,8,,,
253,"SBC @X(R1),@R2",6,7,,,
254,"SBC @X(R1),@(R2)+",7,7,,,
255,"SBC @X(R1),@-(R2)",7,7,,,
256,"SBC @X(R1),@X(R2)",8,8,,,
257,"AND R1,R2",1,3,,,
258,"AND R1,(R2)+",3,5,,,
259,"AND R1,-(R2)",3,5,,,
260,"AND R1,X(R2)",4,6,,,
261,"AND R1,@R2",3,5,,,
262,"AND R1,@(R2)+",4,5,,,
263,"AND R1,@-(R2)",4,5,,,
264,"AND R1,@X(R2)",5,6,,,
265,"AND (R1)+,R2",2,4,,,
266,"AND (R1)+,(R2)+",4,6,,,
267,"AND (R1)+,-(R2)",4,6,,,
268,"AND (R1)+,X(R2)",5,7,,,
269,"AND (R1)+,@R2",4,6,,,
270,"AND (R1)+,@(R2)+",5,6,,,
271,"AND (R1)+,@-(R2)",5,6,,,
272,"AND (R1)+,@X(R2)",6,7,,,
273,"AND -(R1),R2",2,4,,,
274,"AND -(R1),(R2)+",4,6,,,
275,"AND -(R1),-(R2)",4,6,,,
276,"AND -(R1),X(R2)",5,7,,,
277,"AND -(R1),@R2",4,6,,,
278,"AND -(R1),@(R2)+",5,6,,,
279,"AND -(R1),@-(R2)",5,6,,,
280,"AND -(R1),@X(R2)",6,7,,,
281,"AND X(R1),R2",3,5,,,
282,"AND X(R1),(R2)+",5,7,,,
283,"AND X(R1),-(R2)",5,7,,,
284,"AND X(R1),X(R2)",6,8,,,
285,"AND X(R1),@R2",5,7,,,
286,"AND X(R1),@(R2)+",6,7,,,
287,"AND X(R1),@-(R2)",6,7,,,
288,"AND X(R1),@X(R2)",7,8,,,
289,"AND @R1,R2",2,4,,,
290,"AND @R1,(R2)+",4,6,,,
291,"AND @R1,-(R2)",4,6,,,
292,"AND @R1,X(R2)",5,7,,,
293,"AND @R1,@R2",4,6,,,
294,"AND @R1,@(R2)+",5,6,,,
295,"AND @R1,@-(R2)",5,6,,,
296,"AND @R1,@X(R2)",6,7,,,
297,"AND @(R1)+,R2",3,4,,,
298,"AND @(R1)+,(R2)+",5,6,,,
299,"AND @(R1)+,-(R2)",5,6,,,
300,"AND @(R1)+,X(R2)",6,7,,,
301,"AND @(R1)+,@R2",5,6,,,
302,"AND @(R1)+,@(R2)+",6,6,,,
303,"AND @(R1)+,@-(R2)",6,6,,,
304,"AND @(R1)+,@X(R2)",7,7,,,
305,"AND @-(R1),R2",3,4,,,
306,"AND @-(R1),(R2)+",5,6,,,
307,"AND @-(R1),-(R2)",5,6,,,
308,"AND @-(R1),X(R2)",6,7,,,
309,"AND @-(R1),@R2",5,6,,,
310,"AND @-(R1),@(R2)+",6,6,,,
311,"AND @-(R1),@-(R2)",6,6,,,
312,"AND @-(R1),@X(R2)",7,7,,,
313,"AND @X(R1),R2",4,5,,,
314,"AND @X(R1),(R2)+",6,7,,,
315,"AND @X(R1),-(R2)",6,7,,,
316,"AND @X(R1),X(R2)",7,8,,,
317,"AND @X(R1),@R2",6,7,,,
318,"AND @X(R1),@(R2)+",7,7,,,
319,"AND @X(R1),@-(R2)",7,7,,,
320,"AND @X(R1),@X(R2)",8,8,,,
321,"OR R1,R2",1,3,,,
322,"OR R1,(R2)+",3,5,,,
323,"OR R1,-(R2)",3,5,,,
324,"OR R1,X(R2)",4,6,,,
325,"OR R1,@R2",3,5,,,
326,"OR R1,@(R2)+",4,5,,,
327,"OR R1,@-(R2)",4,5,,,
328,"OR R1,@X(R2)",5,6,,,
329,"OR (R1)+,R2",2,4,,,
330,"OR (R1)+,(R2)+",4,6,,,
331,"OR (R1)+,-(R2)",4,6,,,
332,"OR (R1)+,X(R2)",5,7,,,
333,"OR (R1)+,@R2",4,6,,,
334,"OR (R1)+,@(R2)+",5,6,,,
335,"OR (R1)+,@-(R2)",5,6,,,
336,"OR (R1)+,@X(R2)",6,7,,,
337,"OR -(R1),R2",2,4,,,
338,"OR -(R1),(R2)+",4,6,,,
339,"OR -(R1),-(R2)",4,6,,,
340,"OR -(R1),X(R2)",5,7,,,
341,"OR -(R1),@R2",4,6,,,
342,"OR -(R1),@(R2)+",5,6,,,
343,"OR -(R1),@-(R2)",5,6,,,
344,"OR -(R1),@X(R2)",6,7,,,
345,"OR X(R1),R2",3,5,,,
346,"OR X(R1),(R2)+",5,7,,,
347,"OR X(R1),-(R2)",5,7,,,
348,"OR X(R1),X(R2)",6,8,,,
349,"OR X(R1),@R2",5,7,,,
350,"OR X(R1),@(R2)+",6,7,,,
351,"OR X(R1),@-(R2)",6,7,,,
352,"OR X(R1),@X(R2)",7,8,,,
353,"OR @R1,R2",2,4,,,
354,"OR @R1,(R2)+",4,6,,,
355,"OR @R1,-(R2)",4,6,,,
356,"OR @R1,X(R2)",5,7,,,
357,"OR @R1,@R2",4,6,,,
358,"OR @R1,@(R2)+",5,6,,,
359,"OR @R1,@-(R2)",5,6,,,
360,"OR @R1,@X(R2)",6,7,,,
361,"OR @(R1)+,R2",3,4,,,
362,"OR @(R1)+,(R2)+",5,6,,,
363,"OR @(R1)+,-(R2)",5,6,,,
364,"OR @(R1)+,X(R2)",6,7,,,
365,"OR @(R1)+,@R2",5,6,,,
366,"OR @(R1)+,@(R2)+",6,6,,,
367,"OR @(R1)+,@-(R2)",6,6,,,
368,"OR @(R1)+,@X(R2)",7,7,,,
369,"OR @-(R1),R2",3,4,,,
370,"OR @-(R1),(R2)+",5,6,,,
371,"OR @-(R1),-(R2)",5,6,,,
372,"OR @-(R1),X(R2)",6,7,,,
373,"OR @-(R1),@R2",5,6,,,
374,"OR @-(R1),@(R2)+",6,6,,,
375,"OR @-(R1),@-(R2)",6,6,,,
376,"OR @-(R1),@X(R2)",7,7,,,
377,"OR @X(R1),R2",4,5,,,
378,"OR @X(R1),(R2)+",6,7,,,
379,"OR @X(R1),-(R2)",6,7,,,
380,"OR @X(R1),X(R2)",7,8,,,
381,"OR @X(R1),@R2",6,7,,,
382,"OR @X(R1),@(R2)+",7,7,,,
383,"OR @X(R1),@-(R2)",7,7,,,
384,"OR @X(R1),@X(R2)",8,8,,,
385,"XNOR R1,R2",1,3,,,
386,"XNOR R1,(R2)+",3,5,,,
387,"XNOR R1,-(R2)",3,5,,,
388,"XNOR R1,X(R2)",4,6,,,
389,"XNOR R1,@R2",3,5,,,
390,"XNOR R1,@(R2)+",4,5,,,
391,"XNOR R1,@-(R2)",4,5,,,
392,"XNOR R1,@X(R2)",5,6,,,
393,"XNOR (R1)+,R2",2,4,,,
394,"XNOR (R1)+,(R2)+",4,6,,,
395,"XNOR (R1)+,-(R2)",4,6,,,
396,"XNOR (R1)+,X(R2)",5,7,,,
397,"XNOR (R1)+,@R2",4,6,,,
398,"XNOR (R1)+,@(R2)+",5,6,,,
399,"XNOR (R1)+,@-(R2)",5,6,,,
400,"XNOR (R1)+,@X(R2)",6,7,,,
401,"XNOR -(R1),R2",2,4,,,
402,"XNOR -(R1),(R2)+",4,6,,,
403,"XNOR -(R1),-(R2)",4,6,,,
404,"XNOR -(R1),X(R2)",5,7,,,
405,"XNOR -(R1),@R2",4,6,,,
406,"XNOR -(R1),@(R2)+",5,6,,,
407,"XNOR -(R1),@-(R2)",5,6,,,
408,"XNOR -(R1),@X(R2)",6,7,,,
409,"XNOR X(R1),R2",3,5,,,
410,"XNOR X(R1),(R2)+",5,7,,,
411,"XNOR X(R1),-(R2)",5,7,,,
412,"XNOR X(R1),X(R2)",6,8,,,
413,"XNOR X(R1),@R2",5,7,,,
414,"XNOR X(R1),@(R2)+",6,7,,,
415,"XNOR X(R1),@-(R2)",6,7,,,
416,"XNOR X(R1),@X(R2)",7,8,,,
417,"XNOR @R1,R2",2,4,,,
418,"XNOR @R1,(R2)+",4,6,,,
419,"XNOR @R1,-(R2)",4,6,,,
420,"XNOR @R1,X(R2)",5,7,,,
421,"XNOR @R1,@R2",4,6,,,
422,"XNOR @R1,@(R2)+",5,6,,,
423,"XNOR @R1,@-(R2)",5,6,,,
424,"XNOR @R1,@X(R2)",6,7,,,
425,"XNOR @(R1)+,R2",3,4,,,
426,"XNOR @(R1)+,(R2)+",5,6,,,
427,"XNOR @(R1)+,-(R2)",5,6,,,
428,"XNOR @(R1)+,X(R2)",6,7,,,
429,"XNOR @(R1)+,@R2",5,6,,,
430,"XNOR @(R1)+,@(R2)+",6,6,,,
431,"XNOR @(R1)+,@-(R2)",6,6,,,
432,"XNOR @(R1)+,@X(R2)",7,7,,,
433,"XNOR @-(R1),R2",3,4,,,
434,"XNOR @-(R1),(R2)+",5,6,,,
435,"XNOR @-(R1),-(R2)",5,6,,,
436,"XNOR @-(R1),X(R2)",6,7,,,
437,"XNOR @-(R1),@R2",5,6,,,
438,"XNOR @-(R1),@(R2)+",6,6,,,
439,"XNOR @-(R1),@-(R2)",6,6,,,
440,"XNOR @-(R1),@X(R2)",7,7,,,
441,"XNOR @X(R1),R2",4,5,,,
442,"XNOR @X(R1),(R2)+",6,7,,,
443,"XNOR @X(R1),-(R2)",6,7,,,
444,"XNOR @X(R1),X(R2)",7,8,,,
445,"XNOR @X(R1),@R2",6,7,,,
446,"XNOR @X(R1),@(R2)+",7,7,,,
447,"XNOR @X(R1),@-(R2)",7,7,,,
448,"XNOR @X(R1),@X(R2)",8,8,,,
449,"CMP R1,R2",1,3,,,
450,"CMP R1,(R2)+",2,4,,,
451,"CMP R1,-(R2)",2,4,,,
452,"CMP R1,X(R2)",3,5,,,
453,"CMP R1,@R2",2,4,,,
454,"CMP R1,@(R2)+",3,4,,,
455,"CMP R1,@-(R2)",3,4,,,
456,"CMP R1,@X(R2)",4,5,,,
457,"CMP (R1)+,R2",2,4,,,
458,"CMP (R1)+,(R2)+",3,5,,,
459,"CMP (R1)+,-(R2)",3,5,,,
460,"CMP (R1)+,X(R2)",4,6,,,
461,"CMP (R1)+,@R2",3,5,,,
462,"CMP (R1)+,@(R2)+",4,5,,,
463,"CMP (R1)+,@-(R2)",4,5,,,
464,"CMP (R1)+,@X(R2)",5,6,,,
465,"CMP -(R1),R2",2,4,,,
466,"CMP -(R1),(R2)+",3,5,,,
467,"CMP -(R1),-(R2)",3,5,,,
468,"CMP -(R1),X(R2)",4,6,,,
469,"CMP -(R1),@R2",3,5,,,
470,"CMP -(R1),@(R2)+",4,5,,,
471,"CMP -(R1),@-(R2)",4,5,,,
472,"CMP -(R1),@X(R2)",5,6,,,
473,"CMP X(R1),R2",3,5,,,
474,"CMP X(R1),(R2)+",4,6,,,
475,"CMP X(R1),-(R2)",4,6,,,
476,"CMP X(R1),X(R2)",5,7,,,
477,"CMP X(R1),@R2",4,6,,,
478,"CMP X(R1),@(R2)+",5,6,,,
479,"CMP X(R1),@-(R2)",5,6,,,
480,"CMP X(R1),@X(R2)",6,7,,,
481,"CMP @R1,R2",2,4,,,
482,"CMP @R1,(R2)+",3,5,,,
483,"CMP @R1,-(R2)",3,5,,,
484,"CMP @R1,X(R2)",4,6,,,
485,"CMP @R1,@R2",3,5,,,
486,"CMP @R1,@(R2)+",4,5,,,
487,"CMP @R1,@-(R2)",4,5,,,
488,"CMP @R1,@X(R2)",5,6,,,
489,"CMP @(R1)+,R2",3,4,,,
490,"CMP @(R1)+,(R2)+",4,5,,,
491,"CMP @(R1)+,-(R2)",4,5,,,
492,"CMP @(R1)+,X(R2)",5,6,,,
493,"CMP @(R1)+,@R2",4,5,,,
494,"CMP @(R1)+,@(R2)+",5,5,,,
495,"CMP @(R1)+,@-(R2)",5,5,,,
496,"CMP @(R1)+,@X(R2)",6,6,,,
497,"CMP @-(R1),R2",3,4,,,
498,"CMP @-(R1),(R2)+",4,5,,,
499,"CMP @-(R1),-(R2)",4,5,,,
500,"CMP @-(R1),X(R2)",5,6,,,
501,"CMP @-(R1),@R2",4,5,,,
502,"CMP @-(R1),@(R2)+",5,5,,,
503,"CMP @-(R1),@-(R2)",5,5,,,
504,"CMP @-(R1),@X(R2)",6,6,,,
505,"CMP @X(R1),R2",4,5,,,
506,"CMP @X(R1),(R2)+",5,6,,,
507,"CMP @X(R1),-(R2)",5,6,,,
508,"CMP @X(R1),X(R2)",6,7,,,
509,"CMP @X(R1),@R2",5,6,,,
510,"CMP @X(R1),@(R2)+",6,6,,,
511,"CMP @X(R1),@-(R2)",6,6,,,
512,"CMP @X(R1),@X(R2)",7,7,,,
513,INC R1,1,3,,,
514,INC (R1)+,3,5,,,
515,INC -(R1),3,5,,,
516,INC X(R1),4,6,,,
517,INC @R1,3,5,,,
518,INC @(R1)+,4,5,,,
519,INC @-(R1),4,5,,,
520,INC @X(R1),5,6,,,
521,DEC R1,1,3,,,
522,DEC (R1)+,3,5,,,
523,DEC -(R1),3,5,,,
524,DEC X(R1),4,6,,,
525,DEC @R1,3,5,,,
526,DEC @(R1)+,4,5,,,
527,DEC @-(R1),4,5,,,
528,DEC @X(R1),5,6,,,
529,INV R1,1,3,,,
530,INV (R1)+,3,5,,,
531,INV -(R1),3,5,,,
532,INV X(R1),4,6,,,
533,INV @R1,3,5,,,
534,INV @(R1)+,4,5,,,
535,INV @-(R1),4,5,,,
536,INV @X(R1),5,6,,,
537,LSR R1,1,3,,,
538,LSR (R1)+,3,5,,,
539,LSR -(R1),3,5,,,
540,LSR X(R1),4,6,,,
541,LSR @R1,3,5,,,
542,LSR @(R1)+,4,5,,,
543,LSR @-(R1),4,5,,,
544,LSR @X(R1),5,6,,,
545,ROR R1,1,3,,,
546,ROR (R1)+,3,5,,,
547,ROR -(R1),3,5,,,
548,ROR X(R1),4,6,,,
549,ROR @R1,3,5,,,
550,ROR @(R1)+,4,5,,,
551,ROR @-(R1),4,5,,,
552,ROR @X(R1),5,6,,,
553,RRC R1,1,3,,,
554,RRC (R1)+,3,5,,,
555,RRC -(R1),3,5,,,
556,RRC X(R1),4,6,,,
557,RRC @R1,3,5,,,
558,RRC @(R1)+,4,5,,,
559,RRC @-(R1),4,5,,,
560,RRC @X(R1),5,6,,,
561,ASR R1,1,3,,,
562,ASR (R1)+,3,5,,,
563,ASR -(R1),3,5,,,
564,ASR X(R1),4,6,,,
565,ASR @R1,3,5,,,
566,ASR @(R1)+,4,5,,,
567,ASR @-(R1),4,5,,,
568,ASR @X(R1),5,6,,,
569,LSL R1,1,3,,,
570,LSL (R1)+,3,5,,,
571,LSL -(R1),3,5,,,
572,LSL X(R1),4,6,,,
573,LSL @R1,3,5,,,
574,LSL @(R1)+,4,5,,,
575,LSL @-(R1),4,5,,,
576,LSL @X(R1),5,6,,,
577,ROL R1,1,3,,,
578,ROL (R1)+,3,5,,,
579,ROL -(R1),3,5,,,
580,ROL X(R1),4,6,,,
581,ROL @R1,3,5,,,
582,ROL @(R1)+,4,5,,,
583,ROL @-(R1),4,5,,,
584,ROL @X(R1),5,6,,,
585,RLC R1,1,3,,,
586,RLC (R1)+,3,5,,,
587,RLC -(R1),3,5,,,
588,RLC X(R1),4,6,,,
589,RLC @R1,3,5,,,
590,RLC @(R1)+,4,5,,,
591,RLC @-(R1),4,5,,,
592,RLC @X(R1),5,6,,,
593,BR Address,1,3,,,
594,BEQ Address,1,3,,,
595,BNE Address,1,3,,,
596,BLO Address,1,3,,,
597,BLS Address,1,3,,,
598,BHI Address,1,3,,,
599,BHS Address,1,3,,,
600,HLT,1,3,,,
601,NOP,1,3,,,
602,"MOV R1,R2",1,3,,,
603,"MOV R1,(R2)+",2,5,,,
604,"MOV R1,-(R2)",2,5,,,
605,"MOV R1,X(R2)",3,6,,,
606,"MOV R1,@R2",2,4,,,
607,"MOV R1,@(R2)+",3,5,,,
608,"MOV R1,@-(R2)",3,5,,,
609,"MOV R1,@X(R2)",4,6,,,
610,"MOV (R1)+,R2",2,4,,,
611,"MOV (R1)+,(R2)+",3,6,,,
612,"MOV (R1)+,-(R2)",3,6,,,
613,"MOV (R1)+,X(R2)",4,7,,,
614,"MOV (R1)+,@R2",3,5,,,
615,"MOV (R1)+,@(R2)+",4,6,,,
616,"MOV (R1)+,@-(R2)",4,6,,,
617,"MOV (R1)+,@X(R2)",5,7,,,
618,"MOV -(R1),R2",2,4,,,
619,"MOV -(R1),(R2)+",3,6,,,
620,"MOV -(R1),-(R2)",3,6,,,
621,"MOV -(R1),X(R2)",4,7,,,
622,"MOV -(R1),@R2",3,5,,,
623,"MOV -(R1),@(R2)+",4,6,,,
624,"MOV -(R1),@-(R2)",4,6,,,
625,"MOV -(R1),@X(R2)",5,7,,,
626,"MOV X(R1),R2",3,5,,,
627,"MOV X(R1),(R2)+",4,7,,,
628,"MOV X(R1),-(R2)",4,7,,,
629,"MOV X(R1),X(R2)",5,8,,,
630,"MOV X(R1),@R2",4,6,,,
631,"MOV X(R1),@(R2)+",5,7,,,
632,"MOV X(R1),@-(R2)",5,7,,,
633,"MOV X(R1),@X(R2)",6,8,,,
634,"MOV @R1,R2",2,4,,,
635,"MOV @R1,(R2)+",3,6,,,
636,"MOV @R1,-(R2)",3,6,,,
637,"MOV @R1,X(R2)",4,7,,,
638,"MOV @R1,@R2",3,5,,,
639,"MOV @R1,@(R2)+",4,6,,,
640,"MOV @R1,@-(R2)",4,6,,,
641,"MOV @R1,@X(R2)",5,7,,,
642,"MOV @(R1)+,R2",3,4,,,
643,"MOV @(R1)+,(R2)+",4,6,,,
644,"MOV @(R1)+,-(R2)",4,6,,,
645,"MOV @(R1)+,X(R2)",5,7,,,
646,"MOV @(R1)+,@R2",4,5,,,
647,"MOV @(R1)+,@(R2)+",5,6,,,
648,"MOV @(R1)+,@-(R2)",5,6,,,
649,"MOV @(R1)+,@X(R2)",6,7,,,
650,"MOV @-(R1),R2",3,4,,,
651,"MOV @-(R1),(R2)+",4,6,,,
652,"MOV @-(R1),-(R2)",4,6,,,
653,"MOV @-(R1),X(R2)",5,7,,,
654,"MOV @-(R1),@R2",4,5,,,
655,"MOV @-(R1),@(R2)+",5,6,,,
656,"MOV @-(R1),@-(R2)",5,6,,,
657,"MOV @-(R1),@X(R2)",6,7,,,
658,"MOV @X(R1),R2",4,5,,,
659,"MOV @X(R1),(R2)+",5,7,,,
660,"MOV @X(R1),-(R2)",5,7,,,
661,"MOV @X(R1),X(R2)",6,8,,,
662,"MOV @X(R1),@R2",5,6,,,
663,"MOV @X(R1),@(R2)+",6,7,,,
664,"MOV @X(R1),@-(R2)",6,7,,,
665,"MOV @X(R1),@X(R2)",7,8,,,
666,CLR R1,1,3,,,
667,CLR (R1)+,2,5,,,
668,CLR -(R1),2,5,,,
669,CLR X(R1),3,6,,,
670,CLR @R1,2,4,,,
671,CLR @(R1)+,3,5,,,
672,CLR @-(R1),3,5,,,
673,CLR @X(R1),3,6,,,
674,RTS,1,2,,,
675,IRET,1,2,,,
,,,3934,,,